{"entry::2e5a2312-867a-4bcb-ba1a-81e559eb81d7":{"title":"Donation Page2","page_builder":null},"entry::2b2dd989-b84b-4288-a90e-8a0cd1405f90":{"title":"Homepage","page_builder":null},"user::ab69dc41-2a22-45f2-a2cc-9bdcfc2513b4":{"title":"yusufalzadid@gmail.com","page_builder":null},"user::31af7af1-97bf-4fb1-b23c-1279328b006c":{"title":"max.sood@aakonsult.com","page_builder":null},"user::c4b9ce82-9489-41b7-a710-a9a1178bcb37":{"title":"randzgonz19@gmail.com","page_builder":null},"asset::assets::bootstrap\/css\/bootstrap.min.css":{"title":"bootstrap.min.css","page_builder":null},"asset::assets::bootstrap\/js\/bootstrap.min.js":{"title":"bootstrap.min.js","page_builder":null},"asset::assets::css\/bs-theme-overrides.css":{"title":"bs-theme-overrides.css","page_builder":null},"asset::assets::css\/slick.css":{"title":"slick.css","page_builder":null},"asset::assets::css\/styles.compiled.css":{"title":"styles.compiled.css","page_builder":null},"asset::assets::fonts\/FontAwesome.otf":{"title":"FontAwesome.otf","page_builder":null},"asset::assets::fonts\/font-awesome.min.css":{"title":"font-awesome.min.css","page_builder":null},"asset::assets::fonts\/fontawesome-webfont.eot":{"title":"fontawesome-webfont.eot","page_builder":null},"asset::assets::fonts\/fontawesome-webfont.svg":{"title":"fontawesome-webfont.svg","page_builder":null},"asset::assets::fonts\/fontawesome-webfont.ttf":{"title":"fontawesome-webfont.ttf","page_builder":null},"asset::assets::fonts\/fontawesome-webfont.woff":{"title":"fontawesome-webfont.woff","page_builder":null},"asset::assets::fonts\/fontawesome-webfont.woff2":{"title":"fontawesome-webfont.woff2","page_builder":null},"asset::assets::js\/aphanum.js":{"title":"aphanum.js","page_builder":null},"asset::assets::js\/fake-header.js":{"title":"fake-header.js","page_builder":null},"asset::assets::js\/jquery-1.12.4.min.js":{"title":"jquery-1.12.4.min.js","page_builder":null},"asset::assets::js\/jquery.ui.autocomplete.js":{"title":"jquery.ui.autocomplete.js","page_builder":null},"asset::assets::js\/jquery.ui.core.js":{"title":"jquery.ui.core.js","page_builder":null},"asset::assets::js\/jquery.ui.menu.js":{"title":"jquery.ui.menu.js","page_builder":null},"asset::assets::js\/jquery.ui.position.js":{"title":"jquery.ui.position.js","page_builder":null},"asset::assets::js\/jquery.ui.widget.js":{"title":"jquery.ui.widget.js","page_builder":null},"asset::assets::js\/script.js":{"title":"script.js","page_builder":null},"asset::assets::js\/slick.js":{"title":"slick.js","page_builder":null},"asset::images::New folder\/asylum-banner.avif":{"title":"asylum-banner.avif","page_builder":null},"asset::images::New folder\/jae-park-9-sa-flgw-fd-a-unsplash-jpg-44ce04.avif":{"title":"jae-park-9-sa-flgw-fd-a-unsplash-jpg-44ce04.avif","page_builder":null},"asset::images::New folder\/maria-lin-kim-8-ra-u-ed-8-z-d-u-unsplash-jpg-a62fb8.avif":{"title":"maria-lin-kim-8-ra-u-ed-8-z-d-u-unsplash-jpg-a62fb8.avif","page_builder":null},"asset::images::New folder\/note-thanun-6-m-29-ang-o-yo-unsplash-jpg-0c9b52.avif":{"title":"note-thanun-6-m-29-ang-o-yo-unsplash-jpg-0c9b52.avif","page_builder":null},"asset::images::a-peak.jpg":{"title":"a-peak.jpg","page_builder":null},"asset::images::asc-logo-white-on-transparent-png-a12bbf.avif":{"title":"asc-logo-white-on-transparent-png-a12bbf.avif","page_builder":null},"asset::images::asylum-banner.jpg":{"title":"asylum-banner.jpg","page_builder":null},"asset::images::jae-park-9-sa-flgw-fd-a-unsplash-jpg-44ce04.jpg":{"title":"jae-park-9-sa-flgw-fd-a-unsplash-jpg-44ce04.jpg","page_builder":null},"asset::images::maria-lin-kim-8-ra-u-ed-8-z-d-u-unsplash-jpg-a62fb8.jpg":{"title":"maria-lin-kim-8-ra-u-ed-8-z-d-u-unsplash-jpg-a62fb8.jpg","page_builder":null},"asset::images::note-thanun-6-m-29-ang-o-yo-unsplash-jpg-0c9b52.jpg":{"title":"note-thanun-6-m-29-ang-o-yo-unsplash-jpg-0c9b52.jpg","page_builder":null},"asset::images::preloading.gif":{"title":"preloading.gif","page_builder":null},"asset::images::services\/asc-logo-white-on-transparent-png-a12bbf.avif":{"title":"asc-logo-white-on-transparent-png-a12bbf.avif","page_builder":null},"asset::images::services\/asylum-banner.avif":{"title":"asylum-banner.avif","page_builder":null},"asset::images::services\/asylum-seeker-icons-04-family-svg-22593c.svg":{"title":"asylum-seeker-icons-04-family-svg-22593c.svg","page_builder":null},"asset::images::services\/asylum-seeker-icons-08-medical-svg-39beef.svg":{"title":"asylum-seeker-icons-08-medical-svg-39beef.svg","page_builder":null},"asset::images::services\/asylum-seeker-icons-09-tablet-svg-d771d9.svg":{"title":"asylum-seeker-icons-09-tablet-svg-d771d9.svg","page_builder":null},"asset::images::services\/asylum-seeker-icons-10-handshake-svg-80ec5b.svg":{"title":"asylum-seeker-icons-10-handshake-svg-80ec5b.svg","page_builder":null},"asset::images::services\/asylum-seeker-icons-11-food-svg-096749.svg":{"title":"asylum-seeker-icons-11-food-svg-096749.svg","page_builder":null},"asset::images::services\/asylum-seeker-icons-12-meeting-svg-87089b.svg":{"title":"asylum-seeker-icons-12-meeting-svg-87089b.svg","page_builder":null},"asset::images::services\/asylum-seeker-icons-15-money-svg-5a8644.svg":{"title":"asylum-seeker-icons-15-money-svg-5a8644.svg","page_builder":null},"asset::images::services\/asylum-seeker-icons-16-pen-svg-28df00.svg":{"title":"asylum-seeker-icons-16-pen-svg-28df00.svg","page_builder":null},"asset::images::services\/asylum-seeker-icons-17-home-svg-464a5d.svg":{"title":"asylum-seeker-icons-17-home-svg-464a5d.svg","page_builder":null},"asset::images::services\/asylum-seeker-icons-19-school-bag-svg-6404e7.svg":{"title":"asylum-seeker-icons-19-school-bag-svg-6404e7.svg","page_builder":null},"asset::images::services\/asylum-seeker-icons-20-clip-board-svg-6041cd.svg":{"title":"asylum-seeker-icons-20-clip-board-svg-6041cd.svg","page_builder":null},"asset::images::services\/asylum-seeker-icons-21-food-svg-00c400.svg":{"title":"asylum-seeker-icons-21-food-svg-00c400.svg","page_builder":null},"asset::images::services\/asylum-seeker-icons-22-doctors-nurses-svg-bd63a2.svg":{"title":"asylum-seeker-icons-22-doctors-nurses-svg-bd63a2.svg","page_builder":null},"asset::images::services\/asylum-seeker-icons-23-sport-art-svg-76c3d5.svg":{"title":"asylum-seeker-icons-23-sport-art-svg-76c3d5.svg","page_builder":null},"asset::images::services\/asylum-seeker-icons-24-needle-svg-b11fa9.svg":{"title":"asylum-seeker-icons-24-needle-svg-b11fa9.svg","page_builder":null},"asset::images::services\/asylum-seeker-icons-26-tap-svg-00d411.svg":{"title":"asylum-seeker-icons-26-tap-svg-00d411.svg","page_builder":null},"asset::images::services\/jae-park-9-sa-flgw-fd-a-unsplash-jpg-44ce04.avif":{"title":"jae-park-9-sa-flgw-fd-a-unsplash-jpg-44ce04.avif","page_builder":null},"asset::images::services\/maria-lin-kim-8-ra-u-ed-8-z-d-u-unsplash-jpg-a62fb8.avif":{"title":"maria-lin-kim-8-ra-u-ed-8-z-d-u-unsplash-jpg-a62fb8.avif","page_builder":null},"asset::images::services\/mimi-thian-vdXMSiX-n6M-unsplash.jpg":{"title":"mimi-thian-vdXMSiX-n6M-unsplash.jpg","page_builder":null},"asset::images::services\/national-cancer-institute-60UVwyDyXSM-unsplash.jpg":{"title":"national-cancer-institute-60UVwyDyXSM-unsplash.jpg","page_builder":null},"asset::images::services\/note-thanun-6-m-29-ang-o-yo-unsplash-jpg-0c9b52.avif":{"title":"note-thanun-6-m-29-ang-o-yo-unsplash-jpg-0c9b52.avif","page_builder":null},"asset::images::services\/preloading.gif":{"title":"preloading.gif","page_builder":null},"asset::images::services\/s4s2023-august-2023.jpg":{"title":"s4s2023-august-2023.jpg","page_builder":null},"entry::ccf3f331-f833-4992-9df5-0ec5ed90b07f":{"title":"Donation","page_builder":[{"id":"ls7nk4vi","article":[{"type":"paragraph","content":[{"type":"text","text":"Etiam feugiat lorem non metus. Nulla facilisi. Praesent congue erat at massa. Etiam ut purus mattis mauris sodales aliquam. Vestibulum suscipit nulla quis orci."}]},{"type":"set","attrs":{"id":"ls7nv3ra","values":{"type":"image","image":"maria-lin-kim-8-ra-u-ed-8-z-d-u-unsplash-jpg-a62fb8.jpg","size":"md"}}}],"type":"article","enabled":true}]},"entry::5c526dbf-9dd7-4c52-98d8-54e00ebddfb6":{"title":"Contact form","page_builder":[{"id":"QGsYdcyd","title":"A contact form","text":"Both the receiver and the owner of the website will receive a styled e-mail. Forms are dynamic, work with conditional logic and use Laravel Precognition for validation and submission.","form":"contact","type":"form","enabled":true}]},"entry::home":{"title":"Home","page_builder":[{"id":"eFlcYHyl","title":"Features","type":"cards","enabled":true,"cards":[{"id":"lly5m22j","title":"Contact Form","text":"Fusce vulputate eleifend sapien. Curabitur blandit mollis lacus. Class aptent taciti sociosqu ad litora torquent per conubia nostra, per inceptos hymenaeos.","label":"Send a form","link_type":"entry","target_blank":false,"entry":"5c526dbf-9dd7-4c52-98d8-54e00ebddfb6","button_type":"inline","type":"card","enabled":true,"button":[{"id":"llz6sh4t","label":"Send a form","link_type":"entry","target_blank":true,"entry":"5c526dbf-9dd7-4c52-98d8-54e00ebddfb6","button_type":"button"}]},{"id":"lly5mxh7","title":"Long Form Content","text":"Quisque malesuada placerat nisl. Nulla sit amet est. Curabitur nisi. Quisque id odio. Pellentesque dapibus hendrerit tortor.","label":"Read an article","link_type":"entry","target_blank":false,"entry":"20f6a148-63b8-47a8-9b0e-d57095d78c21","button_type":"inline","type":"card","enabled":true,"button":[{"id":"llz6svox","label":"Read an article","link_type":"entry","target_blank":true,"entry":"20f6a148-63b8-47a8-9b0e-d57095d78c21","button_type":"button"}]},{"id":"lly5nvk4","title":"404 Page","text":"Fusce pharetra convallis urna. Nullam quis ante. Donec id justo. Etiam ultricies nisi vel augue. Etiam feugiat lorem non metus.","label":"Climb the docs","link_type":"url","target_blank":true,"url":"https:\/\/peak.1902.studio","button_type":"inline","type":"card","enabled":true,"button":[{"id":"llz6t5ao","label":"Read the docs","link_type":"entry","target_blank":true,"entry":"059d4d8d-fc60-49f8-8823-7da10549e84e","button_type":"button"}]}]},{"id":"T5ZZwBfn","article":[{"type":"heading","attrs":{"level":1},"content":[{"type":"text","text":"Donec venenatis vulputate"}]},{"type":"paragraph","content":[{"type":"text","text":"Nunc interdum lacus sit amet orci. Curabitur a felis in nunc fringilla tristique. Sed mollis, eros et ultrices tempus, mauris ipsum aliquam libero, non adipiscing dolor urna a orci. Maecenas vestibulum mollis diam. Maecenas nec odio et ante tincidunt tempus."}]},{"type":"paragraph","content":[{"type":"text","text":"Praesent metus tellus, elementum eu, semper a, adipiscing nec, purus. Vivamus in erat ut urna cursus vestibulum. Pellentesque ut neque."}]}],"type":"article","enabled":true}]},"entry::20f6a148-63b8-47a8-9b0e-d57095d78c21":{"title":"Long form content","page_builder":[{"id":"5vZfKDLI","article":[{"type":"heading","attrs":{"level":1},"content":[{"type":"text","text":"Long form content"}]},{"type":"paragraph","content":[{"type":"text","text":"Lorem ipsum dolor sit amet, consectetur adipiscing elit. "},{"type":"text","marks":[{"type":"link","attrs":{"href":"https:\/\/studio1902.nl","rel":null,"target":"_blank","title":null}}],"text":"Phasellus dictum"},{"type":"text","text":", nisi vel tincidunt eleifend, diam risus tempor elit, at blandit ipsum ipsum vel felis. Morbi pulvinar erat sapien. Nam euismod dolor quis eros egestas, a hendrerit mi pharetra. Vestibulum varius dui sit amet augue auctor convallis. Maecenas imperdiet mauris non posuere dignissim. Duis tempus molestie efficitur. Donec efficitur leo vel justo dignissim ultrices. Morbi fermentum magna in purus dapibus euismod. Etiam lobortis odio lectus, eu blandit urna gravida at."}]},{"type":"set","attrs":{"id":"bsz8aFMG","values":{"type":"pull_quote","size":"lg","quote":"Maecenas imperdiet mauris non posuere dignissim. Duis tempus molestie efficitur.","author":"Mark Z."}}},{"type":"paragraph","content":[{"type":"text","text":"Mauris diam justo, gravida vitae lacinia in, mattis quis nibh. Orci varius natoque penatibus et magnis dis parturient montes, nascetur ridiculus mus. Fusce semper nunc in tincidunt viverra. Interdum et malesuada fames ac ante ipsum primis in faucibus. Aenean ullamcorper nisl augue, vel venenatis enim faucibus sit amet. Maecenas cursus magna ut augue mollis finibus. Morbi sed nunc in enim pretium suscipit vitae quis leo. Sed scelerisque mi quis odio mollis lobortis. "}]},{"type":"bulletList","content":[{"type":"listItem","content":[{"type":"paragraph","content":[{"type":"text","text":"Proin condimentum feugiat purus "}]}]},{"type":"listItem","content":[{"type":"paragraph","content":[{"type":"text","text":"Non vehicula massa finibus vitae"}]}]},{"type":"listItem","content":[{"type":"paragraph","content":[{"type":"text","text":"Vivamus pellentesque eleifend "}]}]},{"type":"listItem","content":[{"type":"paragraph","content":[{"type":"text","text":"Leo nec congue"}]}]}]},{"type":"paragraph","content":[{"type":"text","text":"Nullam non libero felis. Phasellus metus massa, malesuada non quam vitae, aliquam dignissim quam. Aliquam dolor mauris, blandit at viverra sit amet, vestibulum non quam. Duis sagittis tristique est a luctus."}]},{"type":"set","attrs":{"id":"5qFxz8Jl","values":{"type":"image","size":"xl","caption":"Get to the top of the Peak.","image":"a-peak.jpg"}}},{"type":"paragraph","content":[{"type":"text","text":"Nunc ut tortor vestibulum, blandit ipsum nec, luctus ipsum. Orci varius natoque penatibus et magnis dis parturient montes, nascetur ridiculus mus. Praesent rutrum enim at pulvinar tristique. Ut scelerisque vestibulum nisl nec vestibulum. Vestibulum porttitor commodo tempus. Ut non vulputate orci, a eleifend nibh. Etiam pulvinar, orci consequat egestas pharetra, odio orci suscipit nulla, et rutrum arcu tellus eu orci. Sed mi lectus, euismod non tellus consequat, auctor scelerisque quam. Pellentesque feugiat, ipsum in imperdiet vehicula, orci orci mattis dolor, ut auctor nulla diam sed quam. Nunc ullamcorper efficitur turpis, ac luctus augue condimentum eget. Integer semper cursus elit. Aenean tellus orci, imperdiet sit amet eleifend vitae, efficitur sit amet felis. "}]},{"type":"blockquote","content":[{"type":"paragraph","content":[{"type":"text","text":"Pellentesque habitant morbi tristique senectus et netus et malesuada fames ac turpis egestas. In consequat tristique tellus, ut interdum elit faucibus placerat. Proin congue nulla ultricies nisl porta, a finibus urna dictum."}]}]},{"type":"heading","attrs":{"level":2},"content":[{"type":"text","text":"Some more sets"}]},{"type":"paragraph","content":[{"type":"text","text":"Mauris malesuada, eros eu facilisis vehicula, turpis justo feugiat felis, lobortis sagittis nulla ante at mauris. Donec efficitur, arcu vel cursus ornare, urna ex sollicitudin est, ac pellentesque neque lectus vel tortor. "}]},{"type":"orderedList","attrs":{"start":1},"content":[{"type":"listItem","content":[{"type":"paragraph","content":[{"type":"text","text":"Item one"}]}]},{"type":"listItem","content":[{"type":"paragraph","content":[{"type":"text","text":"Item two"}]}]},{"type":"listItem","content":[{"type":"paragraph","content":[{"type":"text","text":"Item three"}]}]}]},{"type":"paragraph","content":[{"type":"text","text":"Phasellus velit metus, maximus sed ex at, maximus laoreet velit. Suspendisse id felis imperdiet, pharetra augue ut, imperdiet erat. Nullam non tellus neque. Orci varius natoque penatibus et magnis dis parturient montes, nascetur ridiculus mus. Nullam accumsan metus in tincidunt semper. Duis pulvinar, urna vitae efficitur facilisis, est nibh pretium tellus, euismod bibendum metus tellus quis turpis."}]},{"type":"set","attrs":{"id":"nq6mcLET","values":{"type":"table","size":"lg","first_row_headers":true,"first_column_headers":true,"table":[{"cells":["lorem","ipsum","dolor","sit"]},{"cells":["eros","penatibus","parturient","nascetur"]},{"cells":["eleifend","mauris","Torquent metus dis finibus odio fringilla facilisis euismod litora mauris eget sodales quis risus convallis penatibus condimentum volutpat integer laoreet","EtiamEx cras porttitor etiam bibendum ad facilisi est quam dolor sollicitudin commodo rutrum fames platea egestas sit erat blandit vehicula"]}],"caption":"Add tables with a caption."}}},{"type":"paragraph","content":[{"type":"text","text":"Morbi a enim eleifend, dictum mauris eu, tincidunt nunc. In condimentum, nibh sit amet maximus semper, purus nulla blandit diam, eu dignissim leo diam in orci. Vivamus vehicula turpis in enim scelerisque maximus. Nulla et lacus quis dui tincidunt viverra. Etiam Etiam eros, dictum in dolor in, tincidunt sodales lorem. Quisque ullamcorper sagittis eleifend. Sed nisi erat, bibendum facilisis felis nec, maximus elementum est. Phasellus egestas, ante at bibendum porttitor, nulla urna pellentesque arcu, ut pulvinar libero mauris at sapien. Maecenas lacinia arcu et diam venenatis eleifend. Ut vestibulum pharetra diam, eget eleifend diam tincidunt ac."}]},{"type":"set","attrs":{"id":"i76LCGmZ","values":{"type":"video","video_url":"https:\/\/vimeo.com\/53018096","size":"xl","caption":"A video about some mountain peaks."}}},{"type":"paragraph","content":[{"type":"text","text":"Phasellus egestas, ante at bibendum porttitor, nulla urna pellentesque arcu, ut pulvinar libero mauris at sapien. Maecenas lacinia arcu et diam venenatis eleifend. Ut vestibulum pharetra diam, eget eleifend diam tincidunt ac."}]},{"type":"set","attrs":{"id":"t467mRog","values":{"type":"buttons","buttons":[{"id":"dijZ7zid","label":"Lorem ipsum","target_blank":true,"link_type":"url","url":"https:\/\/www.youtube.com\/watch?v=o-YBDTqX_ZU","button_type":"button"},{"id":"kuVHCd6j","label":"Dolor sit amet","target_blank":false,"link_type":"entry","entry":"home","button_type":"button"}]}}}],"type":"article","enabled":true}]},"entry::059d4d8d-fc60-49f8-8823-7da10549e84e":{"title":"Page not found","page_builder":[{"article":[{"type":"heading","attrs":{"level":1},"content":[{"type":"text","text":"404 Page not found"}]},{"type":"paragraph","content":[{"type":"text","text":"The page you requested is not available (anymore)."}]}],"type":"article","enabled":true}]},"entry::48def116-87ca-4d9e-92a7-735de920d059":{"title":"Test 2","page_builder":[{"id":"ls1y2yo0","article":[{"type":"heading","attrs":{"level":1},"content":[{"type":"text","text":"Test 2"}]},{"type":"paragraph","content":[{"type":"text","text":"Test 2 upload test 7(from web)"}]}],"type":"article","enabled":true}]},"entry::05275bf6-9ff6-423f-bf16-f15d024f62db":{"title":"Test","page_builder":[{"id":"ls1xefxe","article":[{"type":"paragraph","content":[{"type":"text","text":"Upload test 3"}]}],"type":"article","enabled":true}]}}